{
  "tournament": {
    "tournament_id": "odi-2023",
    "format": "ODI",
    "year": 2023,
    "host": "India",
    "winner": "Australia",
    "era": 4
  },
  "teams": [
    {
      "nation": "IND",
      "playing_xi": [
        {
          "player_id": "r-sharma-1",
          "full_name": "Rohit Sharma",
          "category": "BAT",
          "batting_position": 1,
          "date_of_birth": "1987-04-30",
          "birth_year": 1987,
          "age_at_tournament": 36.5,
          "height_cm": 177.0,
          "height_verified": true,
          "height_source": "ESPN_verified",
          "pop_height_birth_cohort": 166.8,
          "flag": "CAPTAIN",
          "notes": "Captain; led India to final"
        },
        {
          "player_id": "s-gill-1",
          "full_name": "Shubman Gill",
          "category": "BAT",
          "batting_position": 2,
          "date_of_birth": "1999-09-08",
          "birth_year": 1999,
          "age_at_tournament": 24.1,
          "height_cm": 175.0,
          "height_verified": true,
          "height_source": "ESPN_verified",
          "pop_height_birth_cohort": 167.5,
          "flag": null,
          "notes": ""
        },
        {
          "player_id": "v-kohli-1",
          "full_name": "Virat Kohli",
          "category": "BAT",
          "batting_position": 3,
          "date_of_birth": "1988-11-05",
          "birth_year": 1988,
          "age_at_tournament": 34.9,
          "height_cm": 175.0,
          "height_verified": true,
          "height_source": "ESPN_verified",
          "pop_height_birth_cohort": 166.9,
          "flag": null,
          "notes": "Tournament top scorer; record 50th ODI century"
        },
        {
          "player_id": "s-iyer-1",
          "full_name": "Shreyas Iyer",
          "category": "BAT",
          "batting_position": 4,
          "date_of_birth": "1994-12-06",
          "birth_year": 1994,
          "age_at_tournament": 28.9,
          "height_cm": 176.0,
          "height_verified": true,
          "height_source": "ESPN_verified",
          "pop_height_birth_cohort": 167.2,
          "flag": null,
          "notes": ""
        },
        {
          "player_id": "kl-rahul-1",
          "full_name": "KL Rahul",
          "category": "WK",
          "batting_position": 5,
          "date_of_birth": "1992-04-18",
          "birth_year": 1992,
          "age_at_tournament": 31.5,
          "height_cm": 180.0,
          "height_verified": true,
          "height_source": "ESPN_verified",
          "pop_height_birth_cohort": 167.1,
          "flag": null,
          "notes": "Primary wicketkeeper for tournament"
        },
        {
          "player_id": "r-jadeja-1",
          "full_name": "Ravindra Jadeja",
          "category": "BAT",
          "batting_position": 6,
          "date_of_birth": "1988-12-06",
          "birth_year": 1988,
          "age_at_tournament": 34.9,
          "height_cm": 173.0,
          "height_verified": true,
          "height_source": "ESPN_verified",
          "pop_height_birth_cohort": 166.9,
          "flag": "CATEGORY_AMBIGUOUS",
          "notes": "All-rounder; bats #6 so classified as BAT, but bowls left-arm spin regularly"
        },
        {
          "player_id": "s-yadav-1",
          "full_name": "Suryakumar Yadav",
          "category": "BAT",
          "batting_position": 7,
          "date_of_birth": "1990-09-14",
          "birth_year": 1990,
          "age_at_tournament": 33.1,
          "height_cm": 175.0,
          "height_verified": true,
          "height_source": "ESPN_verified",
          "pop_height_birth_cohort": 167.0,
          "flag": null,
          "notes": "Batted #7 in some matches due to team balance"
        },
        {
          "player_id": "j-bumrah-1",
          "full_name": "Jasprit Bumrah",
          "category": "FAST",
          "batting_position": 8,
          "date_of_birth": "1993-12-06",
          "birth_year": 1993,
          "age_at_tournament": 29.8,
          "height_cm": 175.0,
          "height_verified": true,
          "height_source": "ESPN_verified",
          "pop_height_birth_cohort": 167.1,
          "flag": null,
          "notes": "Lead fast bowler; unorthodox slingy action"
        },
        {
          "player_id": "k-yadav-1",
          "full_name": "Kuldeep Yadav",
          "category": "SPIN",
          "batting_position": 9,
          "date_of_birth": "1994-12-14",
          "birth_year": 1994,
          "age_at_tournament": 28.8,
          "height_cm": 168.0,
          "height_verified": true,
          "height_source": "ESPN_verified",
          "pop_height_birth_cohort": 167.2,
          "flag": null,
          "notes": "Left-arm chinaman; primary spinner"
        },
        {
          "player_id": "m-shami-1",
          "full_name": "Mohammed Shami",
          "category": "FAST",
          "batting_position": 10,
          "date_of_birth": "1990-09-03",
          "birth_year": 1990,
          "age_at_tournament": 33.1,
          "height_cm": 180.0,
          "height_verified": true,
          "height_source": "ESPN_verified",
          "pop_height_birth_cohort": 167.0,
          "flag": null,
          "notes": "Tournament leading wicket-taker; 7-wicket haul vs NZ"
        },
        {
          "player_id": "m-siraj-1",
          "full_name": "Mohammed Siraj",
          "category": "FAST",
          "batting_position": 11,
          "date_of_birth": "1994-03-13",
          "birth_year": 1994,
          "age_at_tournament": 29.6,
          "height_cm": 180.0,
          "height_verified": true,
          "height_source": "ESPN_verified",
          "pop_height_birth_cohort": 167.2,
          "flag": null,
          "notes": ""
        }
      ]
    },
    {
      "nation": "AUS",
      "playing_xi": [
        {
          "player_id": "d-warner-1",
          "full_name": "David Warner",
          "category": "BAT",
          "batting_position": 1,
          "date_of_birth": "1986-10-27",
          "birth_year": 1986,
          "age_at_tournament": 37.0,
          "height_cm": 170.0,
          "height_verified": true,
          "height_source": "ESPN_verified",
          "pop_height_birth_cohort": 178.2,
          "flag": null,
          "notes": "Final ODI World Cup; aggressive opener"
        },
        {
          "player_id": "t-head-1",
          "full_name": "Travis Head",
          "category": "BAT",
          "batting_position": 2,
          "date_of_birth": "1993-12-29",
          "birth_year": 1993,
          "age_at_tournament": 29.8,
          "height_cm": 182.0,
          "height_verified": true,
          "height_source": "ESPN_verified",
          "pop_height_birth_cohort": 178.5,
          "flag": null,
          "notes": "Player of Final; century in final"
        },
        {
          "player_id": "m-labuschagne-1",
          "full_name": "Marnus Labuschagne",
          "category": "BAT",
          "batting_position": 3,
          "date_of_birth": "1994-06-22",
          "birth_year": 1994,
          "age_at_tournament": 29.4,
          "height_cm": 177.0,
          "height_verified": true,
          "height_source": "ESPN_verified",
          "pop_height_birth_cohort": 178.5,
          "flag": null,
          "notes": ""
        },
        {
          "player_id": "s-smith-1",
          "full_name": "Steve Smith",
          "category": "BAT",
          "batting_position": 4,
          "date_of_birth": "1989-06-02",
          "birth_year": 1989,
          "age_at_tournament": 34.4,
          "height_cm": 176.0,
          "height_verified": true,
          "height_source": "ESPN_verified",
          "pop_height_birth_cohort": 178.3,
          "flag": null,
          "notes": "Former captain; unconventional technique"
        },
        {
          "player_id": "j-inglis-1",
          "full_name": "Josh Inglis",
          "category": "WK",
          "batting_position": 5,
          "date_of_birth": "1995-03-04",
          "birth_year": 1995,
          "age_at_tournament": 28.6,
          "height_cm": 175.0,
          "height_verified": true,
          "height_source": "ESPN_verified",
          "pop_height_birth_cohort": 178.5,
          "flag": null,
          "notes": "Primary keeper for tournament"
        },
        {
          "player_id": "g-maxwell-1",
          "full_name": "Glenn Maxwell",
          "category": "BAT",
          "batting_position": 6,
          "date_of_birth": "1988-10-14",
          "birth_year": 1988,
          "age_at_tournament": 35.0,
          "height_cm": 180.0,
          "height_verified": true,
          "height_source": "ESPN_verified",
          "pop_height_birth_cohort": 178.3,
          "flag": null,
          "notes": "201* vs Afghanistan; greatest ODI innings ever"
        },
        {
          "player_id": "m-marsh-1",
          "full_name": "Mitchell Marsh",
          "category": "FAST",
          "batting_position": 7,
          "date_of_birth": "1991-10-20",
          "birth_year": 1991,
          "age_at_tournament": 32.0,
          "height_cm": 195.0,
          "height_verified": true,
          "height_source": "ESPN_verified",
          "pop_height_birth_cohort": 178.4,
          "flag": "CATEGORY_AMBIGUOUS",
          "notes": "All-rounder; bats #7, bowls medium-fast; classified as FAST due to bowling role"
        },
        {
          "player_id": "p-cummins-1",
          "full_name": "Pat Cummins",
          "category": "FAST",
          "batting_position": 8,
          "date_of_birth": "1993-05-08",
          "birth_year": 1993,
          "age_at_tournament": 30.4,
          "height_cm": 192.0,
          "height_verified": true,
          "height_source": "ESPN_verified",
          "pop_height_birth_cohort": 178.5,
          "flag": "CAPTAIN",
          "notes": "Captain; led Australia to 6th World Cup title"
        },
        {
          "player_id": "m-starc-1",
          "full_name": "Mitchell Starc",
          "category": "FAST",
          "batting_position": 9,
          "date_of_birth": "1990-01-30",
          "birth_year": 1990,
          "age_at_tournament": 33.7,
          "height_cm": 196.0,
          "height_verified": true,
          "height_source": "ESPN_verified",
          "pop_height_birth_cohort": 178.4,
          "flag": null,
          "notes": "All-time leading ODI World Cup wicket-taker"
        },
        {
          "player_id": "a-zampa-1",
          "full_name": "Adam Zampa",
          "category": "SPIN",
          "batting_position": 10,
          "date_of_birth": "1992-03-31",
          "birth_year": 1992,
          "age_at_tournament": 31.6,
          "height_cm": 180.0,
          "height_verified": true,
          "height_source": "ESPN_verified",
          "pop_height_birth_cohort": 178.4,
          "flag": null,
          "notes": "Leg-spinner; primary spin option"
        },
        {
          "player_id": "j-hazlewood-1",
          "full_name": "Josh Hazlewood",
          "category": "FAST",
          "batting_position": 11,
          "date_of_birth": "1991-01-08",
          "birth_year": 1991,
          "age_at_tournament": 32.8,
          "height_cm": 196.0,
          "height_verified": true,
          "height_source": "ESPN_verified",
          "pop_height_birth_cohort": 178.4,
          "flag": null,
          "notes": "Tall seamer; excellent economy rate"
        }
      ]
    }
  ],
  "_metadata": {
    "data_collected_date": "2025-02-15",
    "collector": "Claude",
    "notes": "Sample data for India and Australia only. Other 6 nations to be added."
  }
}
